{"cameraMode":{"drawMode":0,"name":"Shaded","section":"Shading Mode"},"sceneLighting":true,"audioPlay":false,"sceneViewState":{"m_AlwaysRefresh":false,"showFog":true,"showSkybox":true,"showFlares":true,"showImageEffects":true,"showParticleSystems":true,"showVisualEffectGraphs":true,"m_FxEnabled":true},"in2DMode":false,"pivot":{"x":-2.7227840423583986,"y":-3.337040424346924,"z":-158.85267639160157},"rotation":{"x":-0.009302790276706219,"y":0.3842143714427948,"z":0.0049601648934185509,"w":0.9236420392990112},"size":11.169754981994629,"orthographic":false}