{"cameraMode":{"drawMode":0,"name":"Shaded","section":"Shading Mode"},"sceneLighting":false,"audioPlay":false,"sceneViewState":{"m_AlwaysRefresh":false,"showFog":true,"showSkybox":false,"showFlares":true,"showImageEffects":true,"showParticleSystems":true,"showVisualEffectGraphs":true,"m_FxEnabled":true},"in2DMode":false,"pivot":{"x":150.2629852294922,"y":83.97252655029297,"z":95.98065185546875},"rotation":{"x":-0.059982992708683017,"y":0.009667579084634781,"z":-0.0010826409561559558,"w":-0.9984044432640076},"size":158.96287536621095,"orthographic":false}