{"cameraMode":{"drawMode":0,"name":"Shaded","section":"Shading Mode"},"sceneLighting":false,"audioPlay":false,"sceneViewState":{"m_AlwaysRefresh":false,"showFog":true,"showSkybox":false,"showFlares":true,"showImageEffects":true,"showParticleSystems":true,"showVisualEffectGraphs":true,"m_FxEnabled":true},"in2DMode":false,"pivot":{"x":0.8120946288108826,"y":0.7208669185638428,"z":-0.18279966711997987},"rotation":{"x":0.17215362191200257,"y":-0.565671443939209,"z":0.12224844843149185,"w":0.7973333597183228},"size":0.4330126941204071,"orthographic":false}