{"cameraMode":{"drawMode":0,"name":"Shaded","section":"Shading Mode"},"sceneLighting":false,"audioPlay":false,"sceneViewState":{"m_AlwaysRefresh":false,"showFog":true,"showSkybox":false,"showFlares":true,"showImageEffects":true,"showParticleSystems":true,"showVisualEffectGraphs":true,"m_FxEnabled":true},"in2DMode":false,"pivot":{"x":0.8739299178123474,"y":0.6334280967712402,"z":-0.1501154899597168},"rotation":{"x":0.2224808931350708,"y":-0.5303329825401306,"z":0.14670173823833466,"w":0.8050054311752319},"size":0.4330126941204071,"orthographic":false}